{
    "example_source": [
        "▁我还",
        "澄清",
        "了",
        "在该",
        "会议上",
        "提出的",
        "若干",
        "事项",
        "。"
    ],
    "example_target": [
        "<s>",
        "▁i",
        "▁was",
        "▁able",
        "▁to",
        "▁provide",
        "▁clarification",
        "▁on",
        "▁some",
        "▁of",
        "▁the",
        "▁matters",
        "▁which",
        "▁were",
        "▁raised",
        "▁at",
        "▁that",
        "▁meeting",
        ".",
        "</s>"
    ],
    "hypotheses": [
        {
            "hypothesis": [
                "▁it",
                "▁is",
                "▁not",
                "▁to",
                "▁the",
                "▁united",
                "▁nations",
                "."
            ],
            "score": -18.794734954833984
        },
        {
            "hypothesis": [
                "▁it",
                "▁is",
                "▁not",
                "▁to",
                "▁the",
                "▁government",
                "▁of",
                "▁the",
                "▁united",
                "▁nations",
                "."
            ],
            "score": -23.375354766845703
        },
        {
            "hypothesis": [
                "▁it",
                "▁is",
                "▁not",
                "▁to",
                "▁the",
                "▁united",
                "▁nations",
                "▁of",
                "▁the",
                "▁united",
                "▁nations",
                "."
            ],
            "score": -25.437387466430664
        },
        {
            "hypothesis": [
                "▁it",
                "▁is",
                "▁not",
                "▁to",
                "▁the",
                "▁united",
                "▁nations",
                "▁in",
                "▁the",
                "▁united",
                "▁nations",
                "."
            ],
            "score": -25.62262535095215
        },
        {
            "hypothesis": [
                "▁it",
                "▁is",
                "▁not",
                "▁to",
                "▁the",
                "▁government",
                "▁of",
                "▁the",
                "▁united",
                "▁nations",
                "▁of",
                "▁the",
                "▁united",
                "▁nations",
                "."
            ],
            "score": -29.715967178344727
        },
        {
            "hypothesis": [
                "▁it",
                "▁is",
                "▁not",
                "▁to",
                "▁the",
                "▁government",
                "▁of",
                "▁the",
                "▁united",
                "▁nations",
                "▁in",
                "▁the",
                "▁united",
                "▁nations",
                "."
            ],
            "score": -30.386198043823242
        },
        {
            "hypothesis": [
                "▁it",
                "▁is",
                "▁not",
                "▁to",
                "▁the",
                "▁united",
                "▁nations",
                "▁of",
                "▁the",
                "▁united",
                "▁nations",
                "▁of",
                "▁the",
                "▁united",
                "▁nations",
                "."
            ],
            "score": -31.815439224243164
        },
        {
            "hypothesis": [
                "▁it",
                "▁is",
                "▁not",
                "▁to",
                "▁the",
                "▁united",
                "▁nations",
                "▁in",
                "▁the",
                "▁united",
                "▁nations",
                "▁of",
                "▁the",
                "▁united",
                "▁nations",
                "."
            ],
            "score": -32.05571365356445
        },
        {
            "hypothesis": [
                "▁it",
                "▁is",
                "▁not",
                "▁to",
                "▁the",
                "▁government",
                "▁of",
                "▁the",
                "▁united",
                "▁nations",
                "▁of",
                "▁the",
                "▁united",
                "▁nations",
                "▁of",
                "▁the",
                "▁united",
                "▁nations",
                "."
            ],
            "score": -36.30933380126953
        },
        {
            "hypothesis": [
                "▁it",
                "▁is",
                "▁not",
                "▁to",
                "▁the",
                "▁united",
                "▁nations",
                "▁of",
                "▁the",
                "▁united",
                "▁nations",
                "▁of",
                "▁the",
                "▁united",
                "▁nations",
                "▁of",
                "▁the",
                "▁united",
                "▁nations",
                "."
            ],
            "score": -38.650184631347656
        }
    ],
    "diagnostic_info": "eyJ0IjogIjIwMjQtMDQtMjRUMDM6MTg6MzAuNzg2MTk5IiwgImgiOiAibnZpZGlhLWdwdS1vcHRpbWl6ZWQtdm1pLTEtdm0iLCAidSI6ICJ2c2thcmljaCJ9"
}