{
    "example_source": [
        "▁我还",
        "澄清",
        "了",
        "在该",
        "会议上",
        "提出的",
        "若干",
        "事项",
        "。"
    ],
    "example_target": [
        "<s>",
        "▁i",
        "▁was",
        "▁able",
        "▁to",
        "▁provide",
        "▁clarification",
        "▁on",
        "▁some",
        "▁of",
        "▁the",
        "▁matters",
        "▁which",
        "▁were",
        "▁raised",
        "▁at",
        "▁that",
        "▁meeting",
        ".",
        "</s>"
    ],
    "hypotheses": [
        {
            "hypothesis": [
                "▁it",
                "▁is",
                "▁a",
                "▁number",
                "▁of",
                "▁the",
                "▁united",
                "▁states",
                "▁of",
                "▁the",
                "▁secretary",
                "-",
                "general",
                "."
            ],
            "score": -26.993724822998047
        },
        {
            "hypothesis": [
                "▁it",
                "▁is",
                "▁a",
                "▁number",
                "▁of",
                "▁the",
                "▁united",
                "▁states",
                "▁of",
                "▁the",
                "▁united",
                "▁states",
                "▁of",
                "▁the",
                "▁united",
                "▁states",
                "."
            ],
            "score": -33.11735534667969
        },
        {
            "hypothesis": [
                "▁it",
                "▁is",
                "▁a",
                "▁number",
                "▁of",
                "▁the",
                "▁united",
                "▁states",
                "▁of",
                "▁the",
                "▁secretary",
                "-",
                "general",
                "▁of",
                "▁the",
                "▁united",
                "▁states",
                "."
            ],
            "score": -33.9944953918457
        },
        {
            "hypothesis": [
                "▁it",
                "▁is",
                "▁a",
                "▁number",
                "▁of",
                "▁the",
                "▁united",
                "▁states",
                "▁of",
                "▁the",
                "▁secretary",
                "-",
                "general",
                "▁of",
                "▁the",
                "▁secretary",
                "-",
                "general",
                "."
            ],
            "score": -34.75297546386719
        },
        {
            "hypothesis": [
                "▁it",
                "▁is",
                "▁a",
                "▁number",
                "▁of",
                "▁the",
                "▁united",
                "▁states",
                "▁of",
                "▁the",
                "▁secretary",
                "-",
                "general",
                "▁of",
                "▁the",
                "▁united",
                "▁states",
                "▁of",
                "▁the",
                "▁united",
                "▁states",
                "."
            ],
            "score": -40.74113464355469
        },
        {
            "hypothesis": [
                "▁it",
                "▁is",
                "▁a",
                "▁number",
                "▁of",
                "▁the",
                "▁united",
                "▁states",
                "▁of",
                "▁the",
                "▁secretary",
                "-",
                "general",
                "▁of",
                "▁the",
                "▁united",
                "▁states",
                "▁of",
                "▁the",
                "▁united",
                "▁nations",
                "."
            ],
            "score": -40.79494857788086
        },
        {
            "hypothesis": [
                "▁it",
                "▁is",
                "▁a",
                "▁number",
                "▁of",
                "▁the",
                "▁united",
                "▁states",
                "▁of",
                "▁the",
                "▁secretary",
                "-",
                "general",
                "▁of",
                "▁the",
                "▁secretary",
                "-",
                "general",
                "▁of",
                "▁the",
                "▁united",
                "▁states",
                "."
            ],
            "score": -41.65620422363281
        },
        {
            "hypothesis": [
                "▁it",
                "▁is",
                "▁a",
                "▁number",
                "▁of",
                "▁the",
                "▁united",
                "▁states",
                "▁of",
                "▁the",
                "▁secretary",
                "-",
                "general",
                "▁of",
                "▁the",
                "▁secretary",
                "-",
                "general",
                "▁of",
                "▁the",
                "▁united",
                "▁nations",
                "."
            ],
            "score": -41.74541473388672
        },
        {
            "hypothesis": [
                "▁it",
                "▁is",
                "▁a",
                "▁number",
                "▁of",
                "▁the",
                "▁united",
                "▁states",
                "▁of",
                "▁the",
                "▁secretary",
                "-",
                "general",
                "▁of",
                "▁the",
                "▁secretary",
                "-",
                "general",
                "▁of",
                "▁the",
                "▁united",
                "▁states",
                "▁of",
                "▁the",
                "▁united",
                "▁states",
                "."
            ],
            "score": -48.594566345214844
        },
        {
            "hypothesis": [
                "▁it",
                "▁is",
                "▁a",
                "▁number",
                "▁of",
                "▁the",
                "▁united",
                "▁states",
                "▁of",
                "▁the",
                "▁secretary",
                "-",
                "general",
                "▁of",
                "▁the",
                "▁secretary",
                "-",
                "general",
                "▁of",
                "▁the",
                "▁united",
                "▁states",
                "▁of",
                "▁the",
                "▁united",
                "▁nations",
                "."
            ],
            "score": -48.65110397338867
        }
    ],
    "diagnostic_info": "eyJ0IjogIjIwMjQtMDQtMjRUMDM6MTk6MDQuNDAyOTAzIiwgImgiOiAibnZpZGlhLWdwdS1vcHRpbWl6ZWQtdm1pLTEtdm0iLCAidSI6ICJ2c2thcmljaCJ9"
}