{
    "example_source": [
        "▁我还",
        "澄清",
        "了",
        "在该",
        "会议上",
        "提出的",
        "若干",
        "事项",
        "。"
    ],
    "example_target": [
        "<s>",
        "▁i",
        "▁was",
        "▁able",
        "▁to",
        "▁provide",
        "▁clarification",
        "▁on",
        "▁some",
        "▁of",
        "▁the",
        "▁matters",
        "▁which",
        "▁were",
        "▁raised",
        "▁at",
        "▁that",
        "▁meeting",
        ".",
        "</s>"
    ],
    "hypotheses": [
        {
            "hypothesis": [
                "▁i",
                "▁would",
                "▁like",
                "▁to",
                "▁make",
                "▁the",
                "▁issue",
                "▁of",
                "▁the",
                "▁united",
                "▁nations",
                "▁in",
                "▁this",
                "▁year",
                "."
            ],
            "score": -27.495277404785156
        },
        {
            "hypothesis": [
                "▁i",
                "▁would",
                "▁like",
                "▁to",
                "▁make",
                "▁a",
                "▁number",
                "▁of",
                "▁the",
                "▁united",
                "▁nations",
                "▁in",
                "▁this",
                "▁year",
                "."
            ],
            "score": -27.61391258239746
        },
        {
            "hypothesis": [
                "▁i",
                "▁would",
                "▁like",
                "▁to",
                "▁make",
                "▁the",
                "▁issue",
                "▁of",
                "▁the",
                "▁united",
                "▁nations",
                "▁in",
                "▁the",
                "▁united",
                "▁nations",
                "."
            ],
            "score": -29.023204803466797
        },
        {
            "hypothesis": [
                "▁i",
                "▁would",
                "▁like",
                "▁to",
                "▁make",
                "▁a",
                "▁number",
                "▁of",
                "▁the",
                "▁united",
                "▁nations",
                "▁in",
                "▁the",
                "▁united",
                "▁nations",
                "."
            ],
            "score": -29.07868194580078
        },
        {
            "hypothesis": [
                "▁i",
                "▁would",
                "▁like",
                "▁to",
                "▁make",
                "▁the",
                "▁issue",
                "▁of",
                "▁the",
                "▁united",
                "▁nations",
                "▁in",
                "▁the",
                "▁same",
                "▁time",
                "."
            ],
            "score": -29.656639099121094
        },
        {
            "hypothesis": [
                "▁i",
                "▁would",
                "▁like",
                "▁to",
                "▁make",
                "▁a",
                "▁number",
                "▁of",
                "▁the",
                "▁united",
                "▁nations",
                "▁in",
                "▁the",
                "▁united",
                "▁nations",
                "▁in",
                "▁the",
                "▁same",
                "▁time",
                "."
            ],
            "score": -37.04277038574219
        },
        {
            "hypothesis": [
                "▁i",
                "▁would",
                "▁like",
                "▁to",
                "▁make",
                "▁the",
                "▁issue",
                "▁of",
                "▁the",
                "▁united",
                "▁nations",
                "▁in",
                "▁the",
                "▁united",
                "▁nations",
                "▁in",
                "▁the",
                "▁same",
                "▁time",
                "."
            ],
            "score": -37.056915283203125
        },
        {
            "hypothesis": [
                "▁i",
                "▁would",
                "▁like",
                "▁to",
                "▁make",
                "▁a",
                "▁number",
                "▁of",
                "▁the",
                "▁united",
                "▁nations",
                "▁in",
                "▁the",
                "▁united",
                "▁nations",
                "▁in",
                "▁the",
                "▁past",
                "."
            ],
            "score": -37.20806884765625
        },
        {
            "hypothesis": [
                "▁i",
                "▁would",
                "▁like",
                "▁to",
                "▁make",
                "▁the",
                "▁issue",
                "▁of",
                "▁the",
                "▁united",
                "▁nations",
                "▁in",
                "▁the",
                "▁united",
                "▁nations",
                "▁in",
                "▁the",
                "▁past",
                "."
            ],
            "score": -37.234153747558594
        },
        {
            "hypothesis": [
                "▁i",
                "▁would",
                "▁like",
                "▁to",
                "▁make",
                "▁a",
                "▁number",
                "▁of",
                "▁the",
                "▁united",
                "▁nations",
                "▁in",
                "▁the",
                "▁united",
                "▁nations",
                "▁in",
                "▁the",
                "▁end",
                "▁of",
                "▁the",
                "▁united",
                "▁nations",
                "."
            ],
            "score": -41.396400451660156
        }
    ],
    "diagnostic_info": "eyJ0IjogIjIwMjQtMDQtMjRUMDM6MTk6NDAuNzk5NzkzIiwgImgiOiAibnZpZGlhLWdwdS1vcHRpbWl6ZWQtdm1pLTEtdm0iLCAidSI6ICJ2c2thcmljaCJ9"
}