{
    "example_source": [
        "▁我还",
        "澄清",
        "了",
        "在该",
        "会议上",
        "提出的",
        "若干",
        "事项",
        "。"
    ],
    "example_target": [
        "<s>",
        "▁i",
        "▁was",
        "▁able",
        "▁to",
        "▁provide",
        "▁clarification",
        "▁on",
        "▁some",
        "▁of",
        "▁the",
        "▁matters",
        "▁which",
        "▁were",
        "▁raised",
        "▁at",
        "▁that",
        "▁meeting",
        ".",
        "</s>"
    ],
    "hypotheses": [
        {
            "hypothesis": [
                "▁i",
                "▁would",
                "▁like",
                "▁to",
                "▁give",
                "▁a",
                "▁result",
                "▁of",
                "▁the",
                "▁report",
                "."
            ],
            "score": -19.530399322509766
        },
        {
            "hypothesis": [
                "▁i",
                "▁would",
                "▁like",
                "▁to",
                "▁give",
                "▁a",
                "▁result",
                "▁of",
                "▁the",
                "▁united",
                "▁nations",
                "."
            ],
            "score": -19.538711547851562
        },
        {
            "hypothesis": [
                "▁i",
                "▁would",
                "▁like",
                "▁to",
                "▁give",
                "▁a",
                "▁result",
                "▁of",
                "▁the",
                "▁meeting",
                "▁of",
                "▁the",
                "▁united",
                "▁nations",
                "."
            ],
            "score": -23.843046188354492
        },
        {
            "hypothesis": [
                "▁i",
                "▁would",
                "▁like",
                "▁to",
                "▁give",
                "▁a",
                "▁result",
                "▁of",
                "▁the",
                "▁meeting",
                "▁of",
                "▁the",
                "▁report",
                "."
            ],
            "score": -23.95246696472168
        },
        {
            "hypothesis": [
                "▁i",
                "▁would",
                "▁like",
                "▁to",
                "▁give",
                "▁a",
                "▁result",
                "▁of",
                "▁the",
                "▁report",
                "▁on",
                "▁the",
                "▁united",
                "▁nations",
                "."
            ],
            "score": -24.036888122558594
        },
        {
            "hypothesis": [
                "▁i",
                "▁would",
                "▁like",
                "▁to",
                "▁give",
                "▁a",
                "▁result",
                "▁of",
                "▁the",
                "▁report",
                "▁on",
                "▁the",
                "▁report",
                "."
            ],
            "score": -24.04761505126953
        },
        {
            "hypothesis": [
                "▁i",
                "▁would",
                "▁like",
                "▁to",
                "▁give",
                "▁a",
                "▁result",
                "▁of",
                "▁the",
                "▁meeting",
                "▁of",
                "▁the",
                "▁meeting",
                "."
            ],
            "score": -24.049915313720703
        },
        {
            "hypothesis": [
                "▁i",
                "▁would",
                "▁like",
                "▁to",
                "▁give",
                "▁a",
                "▁result",
                "▁of",
                "▁the",
                "▁meeting",
                "▁of",
                "▁the",
                "▁united",
                "▁nations",
                "▁committee",
                "."
            ],
            "score": -26.935375213623047
        },
        {
            "hypothesis": [
                "▁i",
                "▁would",
                "▁like",
                "▁to",
                "▁give",
                "▁a",
                "▁result",
                "▁of",
                "▁the",
                "▁report",
                "▁on",
                "▁the",
                "▁report",
                "▁of",
                "▁the",
                "▁united",
                "▁nations",
                "."
            ],
            "score": -28.566347122192383
        },
        {
            "hypothesis": [
                "▁i",
                "▁would",
                "▁like",
                "▁to",
                "▁give",
                "▁a",
                "▁result",
                "▁of",
                "▁the",
                "▁report",
                "▁on",
                "▁the",
                "▁report",
                "▁of",
                "▁the",
                "▁united",
                "▁nations",
                "▁committee",
                "."
            ],
            "score": -31.822595596313477
        }
    ],
    "diagnostic_info": "eyJ0IjogIjIwMjQtMDQtMjRUMDM6MjA6MTcuMDk3MTI2IiwgImgiOiAibnZpZGlhLWdwdS1vcHRpbWl6ZWQtdm1pLTEtdm0iLCAidSI6ICJ2c2thcmljaCJ9"
}