{
    "example_source": [
        "▁我还",
        "澄清",
        "了",
        "在该",
        "会议上",
        "提出的",
        "若干",
        "事项",
        "。"
    ],
    "example_target": [
        "<s>",
        "▁i",
        "▁was",
        "▁able",
        "▁to",
        "▁provide",
        "▁clarification",
        "▁on",
        "▁some",
        "▁of",
        "▁the",
        "▁matters",
        "▁which",
        "▁were",
        "▁raised",
        "▁at",
        "▁that",
        "▁meeting",
        ".",
        "</s>"
    ],
    "hypotheses": [
        {
            "hypothesis": [
                "▁it",
                "▁was",
                "▁also",
                "▁informed",
                "▁that",
                "▁there",
                "▁is",
                "▁a",
                "▁number",
                "▁of",
                "▁a",
                "▁number",
                "▁of",
                "▁a",
                "▁number",
                "▁of",
                "▁a",
                "▁number",
                "▁of",
                "▁a",
                "▁number",
                "▁of",
                "▁the",
                "▁situation",
                "▁in",
                "▁the",
                "▁past",
                "."
            ],
            "score": -48.80012893676758
        },
        {
            "hypothesis": [
                "▁it",
                "▁was",
                "▁also",
                "▁informed",
                "▁that",
                "▁there",
                "▁is",
                "▁a",
                "▁number",
                "▁of",
                "▁a",
                "▁number",
                "▁of",
                "▁a",
                "▁number",
                "▁of",
                "▁a",
                "▁number",
                "▁of",
                "▁a",
                "▁number",
                "▁of",
                "▁a",
                "▁number",
                "▁of",
                "▁a",
                "▁number",
                "▁of",
                "▁a",
                "▁number",
                "▁of",
                "▁the",
                "▁situation",
                "."
            ],
            "score": -60.29496383666992
        },
        {
            "hypothesis": [
                "▁it",
                "▁was",
                "▁also",
                "▁informed",
                "▁that",
                "▁there",
                "▁is",
                "▁a",
                "▁number",
                "▁of",
                "▁a",
                "▁number",
                "▁of",
                "▁a",
                "▁number",
                "▁of",
                "▁a",
                "▁number",
                "▁of",
                "▁a",
                "▁number",
                "▁of",
                "▁a",
                "▁number",
                "▁of",
                "▁a",
                "▁number",
                "▁of",
                "▁a",
                "▁number",
                "▁of",
                "▁the",
                "▁situation",
                "▁in",
                "▁the",
                "▁past",
                "."
            ],
            "score": -65.70023345947266
        },
        {
            "hypothesis": [
                "▁it",
                "▁was",
                "▁also",
                "▁informed",
                "▁that",
                "▁there",
                "▁is",
                "▁a",
                "▁number",
                "▁of",
                "▁a",
                "▁number",
                "▁of",
                "▁a",
                "▁number",
                "▁of",
                "▁a",
                "▁number",
                "▁of",
                "▁a",
                "▁number",
                "▁of",
                "▁a",
                "▁number",
                "▁of",
                "▁a",
                "▁number",
                "▁of",
                "▁a",
                "▁number",
                "▁of",
                "▁the",
                "▁situation",
                "▁in",
                "▁the",
                "▁end",
                "."
            ],
            "score": -67.17059326171875
        },
        {
            "hypothesis": [
                "▁it",
                "▁was",
                "▁also",
                "▁informed",
                "▁that",
                "▁there",
                "▁is",
                "▁a",
                "▁number",
                "▁of",
                "▁a",
                "▁number",
                "▁of",
                "▁a",
                "▁number",
                "▁of",
                "▁a",
                "▁number",
                "▁of",
                "▁a",
                "▁number",
                "▁of",
                "▁a",
                "▁number",
                "▁of",
                "▁a",
                "▁number",
                "▁of",
                "▁a",
                "▁number",
                "▁of",
                "▁the",
                "▁situation",
                "▁in",
                "▁the",
                "▁end",
                "▁of",
                "▁this",
                "▁year",
                "."
            ],
            "score": -70.18789672851562
        },
        {
            "hypothesis": [
                "▁it",
                "▁was",
                "▁also",
                "▁informed",
                "▁that",
                "▁there",
                "▁is",
                "▁a",
                "▁number",
                "▁of",
                "▁a",
                "▁number",
                "▁of",
                "▁a",
                "▁number",
                "▁of",
                "▁a",
                "▁number",
                "▁of",
                "▁a",
                "▁number",
                "▁of",
                "▁a",
                "▁number",
                "▁of",
                "▁a",
                "▁number",
                "▁of",
                "▁a",
                "▁number",
                "▁of",
                "▁the",
                "▁situation",
                "▁in",
                "▁the",
                "▁end",
                "▁of",
                "▁the",
                "▁council",
                "."
            ],
            "score": -70.34992980957031
        },
        {
            "hypothesis": [
                "▁it",
                "▁was",
                "▁also",
                "▁informed",
                "▁that",
                "▁there",
                "▁is",
                "▁a",
                "▁number",
                "▁of",
                "▁a",
                "▁number",
                "▁of",
                "▁a",
                "▁number",
                "▁of",
                "▁a",
                "▁number",
                "▁of",
                "▁a",
                "▁number",
                "▁of",
                "▁a",
                "▁number",
                "▁of",
                "▁a",
                "▁number",
                "▁of",
                "▁a",
                "▁number",
                "▁of",
                "▁the",
                "▁situation",
                "▁in",
                "▁the",
                "▁end",
                "▁of",
                "▁the",
                "▁meeting",
                "."
            ],
            "score": -70.65287780761719
        },
        {
            "hypothesis": [
                "▁it",
                "▁was",
                "▁also",
                "▁informed",
                "▁that",
                "▁there",
                "▁is",
                "▁a",
                "▁number",
                "▁of",
                "▁a",
                "▁number",
                "▁of",
                "▁a",
                "▁number",
                "▁of",
                "▁a",
                "▁number",
                "▁of",
                "▁a",
                "▁number",
                "▁of",
                "▁a",
                "▁number",
                "▁of",
                "▁a",
                "▁number",
                "▁of",
                "▁a",
                "▁number",
                "▁of",
                "▁the",
                "▁situation",
                "▁in",
                "▁the",
                "▁end",
                "▁of",
                "▁the",
                "▁committee",
                "."
            ],
            "score": -70.65898132324219
        },
        {
            "hypothesis": [
                "▁it",
                "▁was",
                "▁also",
                "▁informed",
                "▁that",
                "▁there",
                "▁is",
                "▁a",
                "▁number",
                "▁of",
                "▁a",
                "▁number",
                "▁of",
                "▁a",
                "▁number",
                "▁of",
                "▁a",
                "▁number",
                "▁of",
                "▁a",
                "▁number",
                "▁of",
                "▁a",
                "▁number",
                "▁of",
                "▁a",
                "▁number",
                "▁of",
                "▁a",
                "▁number",
                "▁of",
                "▁the",
                "▁situation",
                "▁in",
                "▁the",
                "▁end",
                "▁of",
                "▁the",
                "▁situation",
                "."
            ],
            "score": -70.80509185791016
        },
        {
            "hypothesis": [
                "▁it",
                "▁was",
                "▁also",
                "▁informed",
                "▁that",
                "▁there",
                "▁is",
                "▁a",
                "▁number",
                "▁of",
                "▁a",
                "▁number",
                "▁of",
                "▁a",
                "▁number",
                "▁of",
                "▁a",
                "▁number",
                "▁of",
                "▁a",
                "▁number",
                "▁of",
                "▁a",
                "▁number",
                "▁of",
                "▁a",
                "▁number",
                "▁of",
                "▁a",
                "▁number",
                "▁of",
                "▁the",
                "▁situation",
                "▁in",
                "▁the",
                "▁end",
                "▁of",
                "▁the",
                "▁end",
                "▁of",
                "▁the",
                "▁council",
                "."
            ],
            "score": -76.07511138916016
        }
    ],
    "diagnostic_info": "eyJ0IjogIjIwMjQtMDQtMjRUMDM6MjA6NTMuODM1MzkxIiwgImgiOiAibnZpZGlhLWdwdS1vcHRpbWl6ZWQtdm1pLTEtdm0iLCAidSI6ICJ2c2thcmljaCJ9"
}