{
    "example_source": [
        "▁我还",
        "澄清",
        "了",
        "在该",
        "会议上",
        "提出的",
        "若干",
        "事项",
        "。"
    ],
    "example_target": [
        "<s>",
        "▁i",
        "▁was",
        "▁able",
        "▁to",
        "▁provide",
        "▁clarification",
        "▁on",
        "▁some",
        "▁of",
        "▁the",
        "▁matters",
        "▁which",
        "▁were",
        "▁raised",
        "▁at",
        "▁that",
        "▁meeting",
        ".",
        "</s>"
    ],
    "hypotheses": [
        {
            "hypothesis": [
                "▁i",
                "▁would",
                "▁also",
                "▁like",
                "▁to",
                "▁thank",
                "▁the",
                "▁secretary",
                "-",
                "general",
                "▁for",
                "▁a",
                "▁number",
                "▁of",
                "▁member",
                "▁states",
                "."
            ],
            "score": -24.74484634399414
        },
        {
            "hypothesis": [
                "▁i",
                "▁would",
                "▁also",
                "▁like",
                "▁to",
                "▁thank",
                "▁the",
                "▁secretary",
                "-",
                "general",
                "▁to",
                "▁be",
                "▁made",
                "▁by",
                "▁the",
                "▁secretary",
                "-",
                "general",
                "."
            ],
            "score": -27.55135154724121
        },
        {
            "hypothesis": [
                "▁i",
                "▁would",
                "▁also",
                "▁like",
                "▁to",
                "▁thank",
                "▁the",
                "▁secretary",
                "-",
                "general",
                "▁to",
                "▁be",
                "▁made",
                "▁by",
                "▁the",
                "▁secretary",
                "-",
                "general",
                "'",
                "s",
                "▁report",
                "."
            ],
            "score": -32.9898681640625
        },
        {
            "hypothesis": [
                "▁i",
                "▁would",
                "▁also",
                "▁like",
                "▁to",
                "▁thank",
                "▁the",
                "▁secretary",
                "-",
                "general",
                "▁to",
                "▁be",
                "▁made",
                "▁by",
                "▁the",
                "▁secretary",
                "-",
                "general",
                "▁for",
                "▁a",
                "▁number",
                "▁of",
                "▁member",
                "▁states",
                "."
            ],
            "score": -35.36316680908203
        },
        {
            "hypothesis": [
                "▁i",
                "▁would",
                "▁also",
                "▁like",
                "▁to",
                "▁thank",
                "▁the",
                "▁secretary",
                "-",
                "general",
                "▁to",
                "▁be",
                "▁made",
                "▁by",
                "▁the",
                "▁secretary",
                "-",
                "general",
                "▁for",
                "▁a",
                "▁number",
                "▁of",
                "▁issues",
                "."
            ],
            "score": -36.13368606567383
        },
        {
            "hypothesis": [
                "▁i",
                "▁would",
                "▁also",
                "▁like",
                "▁to",
                "▁thank",
                "▁the",
                "▁secretary",
                "-",
                "general",
                "▁to",
                "▁be",
                "▁made",
                "▁by",
                "▁the",
                "▁secretary",
                "-",
                "general",
                "▁to",
                "▁be",
                "▁made",
                "▁by",
                "▁the",
                "▁secretary",
                "-",
                "general",
                "."
            ],
            "score": -37.955501556396484
        },
        {
            "hypothesis": [
                "▁i",
                "▁would",
                "▁also",
                "▁like",
                "▁to",
                "▁thank",
                "▁the",
                "▁secretary",
                "-",
                "general",
                "▁to",
                "▁be",
                "▁made",
                "▁by",
                "▁the",
                "▁secretary",
                "-",
                "general",
                "▁to",
                "▁be",
                "▁made",
                "▁by",
                "▁the",
                "▁secretary",
                "-",
                "general",
                "▁of",
                "▁the",
                "▁council",
                "."
            ],
            "score": -44.91788101196289
        },
        {
            "hypothesis": [
                "▁i",
                "▁would",
                "▁also",
                "▁like",
                "▁to",
                "▁thank",
                "▁the",
                "▁secretary",
                "-",
                "general",
                "▁to",
                "▁be",
                "▁made",
                "▁by",
                "▁the",
                "▁secretary",
                "-",
                "general",
                "▁to",
                "▁be",
                "▁made",
                "▁by",
                "▁the",
                "▁secretary",
                "-",
                "general",
                "▁of",
                "▁the",
                "▁conference",
                "."
            ],
            "score": -45.02663803100586
        },
        {
            "hypothesis": [
                "▁i",
                "▁would",
                "▁also",
                "▁like",
                "▁to",
                "▁thank",
                "▁the",
                "▁secretary",
                "-",
                "general",
                "▁to",
                "▁be",
                "▁made",
                "▁by",
                "▁the",
                "▁secretary",
                "-",
                "general",
                "▁to",
                "▁be",
                "▁made",
                "▁by",
                "▁the",
                "▁secretary",
                "-",
                "general",
                "▁for",
                "▁the",
                "▁conference",
                "."
            ],
            "score": -45.32341003417969
        },
        {
            "hypothesis": [
                "▁i",
                "▁would",
                "▁also",
                "▁like",
                "▁to",
                "▁thank",
                "▁the",
                "▁secretary",
                "-",
                "general",
                "▁to",
                "▁be",
                "▁made",
                "▁by",
                "▁the",
                "▁secretary",
                "-",
                "general",
                "▁to",
                "▁be",
                "▁made",
                "▁by",
                "▁the",
                "▁secretary",
                "-",
                "general",
                "▁of",
                "▁the",
                "▁committee",
                "."
            ],
            "score": -45.351566314697266
        }
    ],
    "diagnostic_info": "eyJ0IjogIjIwMjQtMDQtMjRUMDM6MjE6MzAuMDI1MTAzIiwgImgiOiAibnZpZGlhLWdwdS1vcHRpbWl6ZWQtdm1pLTEtdm0iLCAidSI6ICJ2c2thcmljaCJ9"
}