{
    "example_source": [
        "▁我还",
        "澄清",
        "了",
        "在该",
        "会议上",
        "提出的",
        "若干",
        "事项",
        "。"
    ],
    "example_target": [
        "<s>",
        "▁i",
        "▁was",
        "▁able",
        "▁to",
        "▁provide",
        "▁clarification",
        "▁on",
        "▁some",
        "▁of",
        "▁the",
        "▁matters",
        "▁which",
        "▁were",
        "▁raised",
        "▁at",
        "▁that",
        "▁meeting",
        ".",
        "</s>"
    ],
    "hypotheses": [
        {
            "hypothesis": [
                "▁i",
                "▁would",
                "▁also",
                "▁like",
                "▁to",
                "▁take",
                "▁a",
                "▁number",
                "▁of",
                "▁member",
                "▁states",
                "."
            ],
            "score": -14.961817741394043
        },
        {
            "hypothesis": [
                "▁i",
                "▁would",
                "▁also",
                "▁like",
                "▁to",
                "▁see",
                "▁that",
                "▁a",
                "▁number",
                "▁of",
                "▁member",
                "▁states",
                "."
            ],
            "score": -16.574071884155273
        },
        {
            "hypothesis": [
                "▁i",
                "▁would",
                "▁also",
                "▁like",
                "▁to",
                "▁note",
                "▁that",
                "▁a",
                "▁number",
                "▁of",
                "▁member",
                "▁states",
                "."
            ],
            "score": -16.89594841003418
        },
        {
            "hypothesis": [
                "▁i",
                "▁would",
                "▁also",
                "▁like",
                "▁to",
                "▁see",
                "▁that",
                "▁a",
                "▁number",
                "▁of",
                "▁member",
                "▁states",
                "▁have",
                "▁been",
                "▁completed",
                "."
            ],
            "score": -21.817874908447266
        },
        {
            "hypothesis": [
                "▁i",
                "▁would",
                "▁also",
                "▁like",
                "▁to",
                "▁note",
                "▁that",
                "▁a",
                "▁number",
                "▁of",
                "▁member",
                "▁states",
                "▁have",
                "▁been",
                "▁completed",
                "."
            ],
            "score": -21.880563735961914
        },
        {
            "hypothesis": [
                "▁i",
                "▁would",
                "▁also",
                "▁like",
                "▁to",
                "▁see",
                "▁that",
                "▁a",
                "▁number",
                "▁of",
                "▁member",
                "▁states",
                "▁have",
                "▁been",
                "▁made",
                "."
            ],
            "score": -22.074798583984375
        },
        {
            "hypothesis": [
                "▁i",
                "▁would",
                "▁also",
                "▁like",
                "▁to",
                "▁note",
                "▁that",
                "▁a",
                "▁number",
                "▁of",
                "▁member",
                "▁states",
                "▁have",
                "▁been",
                "▁made",
                "."
            ],
            "score": -22.145671844482422
        },
        {
            "hypothesis": [
                "▁i",
                "▁would",
                "▁also",
                "▁like",
                "▁to",
                "▁see",
                "▁that",
                "▁a",
                "▁number",
                "▁of",
                "▁member",
                "▁states",
                "▁have",
                "▁been",
                "▁made",
                "▁by",
                "▁the",
                "▁committee",
                "."
            ],
            "score": -27.557395935058594
        },
        {
            "hypothesis": [
                "▁i",
                "▁would",
                "▁also",
                "▁like",
                "▁to",
                "▁see",
                "▁that",
                "▁a",
                "▁number",
                "▁of",
                "▁member",
                "▁states",
                "▁have",
                "▁been",
                "▁made",
                "▁by",
                "▁the",
                "▁conference",
                "▁on",
                "▁the",
                "▁conference",
                "."
            ],
            "score": -32.319881439208984
        },
        {
            "hypothesis": [
                "▁i",
                "▁would",
                "▁also",
                "▁like",
                "▁to",
                "▁see",
                "▁that",
                "▁a",
                "▁number",
                "▁of",
                "▁member",
                "▁states",
                "▁have",
                "▁been",
                "▁made",
                "▁by",
                "▁the",
                "▁conference",
                "▁on",
                "▁the",
                "▁conference",
                "▁on",
                "▁the",
                "▁conference",
                "."
            ],
            "score": -37.22563552856445
        }
    ],
    "diagnostic_info": "eyJ0IjogIjIwMjQtMDQtMjRUMDM6MjI6MDYuNzM0NjQwIiwgImgiOiAibnZpZGlhLWdwdS1vcHRpbWl6ZWQtdm1pLTEtdm0iLCAidSI6ICJ2c2thcmljaCJ9"
}