{
    "example_source": [
        "▁我还",
        "澄清",
        "了",
        "在该",
        "会议上",
        "提出的",
        "若干",
        "事项",
        "。"
    ],
    "example_target": [
        "<s>",
        "▁i",
        "▁was",
        "▁able",
        "▁to",
        "▁provide",
        "▁clarification",
        "▁on",
        "▁some",
        "▁of",
        "▁the",
        "▁matters",
        "▁which",
        "▁were",
        "▁raised",
        "▁at",
        "▁that",
        "▁meeting",
        ".",
        "</s>"
    ],
    "hypotheses": [
        {
            "hypothesis": [
                "▁i",
                "▁would",
                "▁also",
                "▁like",
                "▁to",
                "▁clarify",
                "▁the",
                "▁issue",
                "▁of",
                "▁a",
                "▁number",
                "▁of",
                "▁member",
                "▁states",
                "."
            ],
            "score": -20.744956970214844
        },
        {
            "hypothesis": [
                "▁i",
                "▁would",
                "▁also",
                "▁like",
                "▁to",
                "▁clarify",
                "▁the",
                "▁issue",
                "▁of",
                "▁a",
                "▁number",
                "▁of",
                "▁issues",
                "▁in",
                "▁this",
                "▁meeting",
                "."
            ],
            "score": -23.205883026123047
        },
        {
            "hypothesis": [
                "▁i",
                "▁would",
                "▁also",
                "▁like",
                "▁to",
                "▁see",
                "▁the",
                "▁issue",
                "▁of",
                "▁a",
                "▁number",
                "▁of",
                "▁issues",
                "▁in",
                "▁this",
                "▁meeting",
                "."
            ],
            "score": -23.327259063720703
        },
        {
            "hypothesis": [
                "▁i",
                "▁would",
                "▁also",
                "▁like",
                "▁to",
                "▁clarify",
                "▁the",
                "▁issue",
                "▁of",
                "▁a",
                "▁number",
                "▁of",
                "▁issues",
                "▁in",
                "▁the",
                "▁meeting",
                "."
            ],
            "score": -23.420747756958008
        },
        {
            "hypothesis": [
                "▁i",
                "▁would",
                "▁also",
                "▁like",
                "▁to",
                "▁see",
                "▁the",
                "▁issue",
                "▁of",
                "▁a",
                "▁number",
                "▁of",
                "▁issues",
                "▁in",
                "▁the",
                "▁meeting",
                "."
            ],
            "score": -23.550817489624023
        },
        {
            "hypothesis": [
                "▁i",
                "▁would",
                "▁also",
                "▁like",
                "▁to",
                "▁make",
                "▁a",
                "▁number",
                "▁of",
                "▁issues",
                "▁in",
                "▁the",
                "▁meeting",
                "▁of",
                "▁the",
                "▁meeting",
                "."
            ],
            "score": -23.733642578125
        },
        {
            "hypothesis": [
                "▁i",
                "▁would",
                "▁also",
                "▁like",
                "▁to",
                "▁give",
                "▁a",
                "▁number",
                "▁of",
                "▁issues",
                "▁in",
                "▁the",
                "▁meeting",
                "▁of",
                "▁the",
                "▁meeting",
                "."
            ],
            "score": -23.738523483276367
        },
        {
            "hypothesis": [
                "▁i",
                "▁would",
                "▁also",
                "▁like",
                "▁to",
                "▁clarify",
                "▁the",
                "▁issue",
                "▁of",
                "▁a",
                "▁number",
                "▁of",
                "▁issues",
                "▁on",
                "▁the",
                "▁meeting",
                "."
            ],
            "score": -24.607786178588867
        },
        {
            "hypothesis": [
                "▁i",
                "▁would",
                "▁also",
                "▁like",
                "▁to",
                "▁clarify",
                "▁the",
                "▁issue",
                "▁of",
                "▁a",
                "▁number",
                "▁of",
                "▁issues",
                "▁in",
                "▁the",
                "▁meeting",
                "▁of",
                "▁the",
                "▁meeting",
                "."
            ],
            "score": -27.834177017211914
        },
        {
            "hypothesis": [
                "▁i",
                "▁would",
                "▁also",
                "▁like",
                "▁to",
                "▁see",
                "▁the",
                "▁issue",
                "▁of",
                "▁a",
                "▁number",
                "▁of",
                "▁issues",
                "▁in",
                "▁the",
                "▁meeting",
                "▁of",
                "▁the",
                "▁meeting",
                "."
            ],
            "score": -27.950918197631836
        }
    ],
    "diagnostic_info": "eyJ0IjogIjIwMjQtMDQtMjRUMDM6MjI6NDMuMjI4ODUxIiwgImgiOiAibnZpZGlhLWdwdS1vcHRpbWl6ZWQtdm1pLTEtdm0iLCAidSI6ICJ2c2thcmljaCJ9"
}