{
    "example_source": [
        "▁我还",
        "澄清",
        "了",
        "在该",
        "会议上",
        "提出的",
        "若干",
        "事项",
        "。"
    ],
    "example_target": [
        "<s>",
        "▁i",
        "▁was",
        "▁able",
        "▁to",
        "▁provide",
        "▁clarification",
        "▁on",
        "▁some",
        "▁of",
        "▁the",
        "▁matters",
        "▁which",
        "▁were",
        "▁raised",
        "▁at",
        "▁that",
        "▁meeting",
        ".",
        "</s>"
    ],
    "hypotheses": [
        {
            "hypothesis": [
                "▁i",
                "▁should",
                "▁also",
                "▁like",
                "▁to",
                "▁clarify",
                "▁a",
                "▁number",
                "▁of",
                "▁cases",
                "▁in",
                "▁the",
                "▁meeting",
                "."
            ],
            "score": -15.132074356079102
        },
        {
            "hypothesis": [
                "▁i",
                "▁should",
                "▁also",
                "▁like",
                "▁clarification",
                "▁on",
                "▁the",
                "▁number",
                "▁of",
                "▁cases",
                "▁of",
                "▁this",
                "▁meeting",
                "."
            ],
            "score": -15.452669143676758
        },
        {
            "hypothesis": [
                "▁i",
                "▁should",
                "▁also",
                "▁like",
                "▁clarification",
                "▁on",
                "▁the",
                "▁number",
                "▁of",
                "▁cases",
                "▁in",
                "▁the",
                "▁meeting",
                "."
            ],
            "score": -15.481457710266113
        },
        {
            "hypothesis": [
                "▁i",
                "▁should",
                "▁also",
                "▁like",
                "▁clarification",
                "▁on",
                "▁the",
                "▁number",
                "▁of",
                "▁cases",
                "▁of",
                "▁the",
                "▁meeting",
                "."
            ],
            "score": -16.047754287719727
        },
        {
            "hypothesis": [
                "▁i",
                "▁should",
                "▁also",
                "▁like",
                "▁to",
                "▁clarify",
                "▁a",
                "▁number",
                "▁of",
                "▁cases",
                "▁in",
                "▁the",
                "▁meeting",
                "▁of",
                "▁the",
                "▁meeting",
                "."
            ],
            "score": -16.42749786376953
        },
        {
            "hypothesis": [
                "▁i",
                "▁should",
                "▁also",
                "▁like",
                "▁clarification",
                "▁on",
                "▁the",
                "▁number",
                "▁of",
                "▁cases",
                "▁in",
                "▁the",
                "▁meeting",
                "▁of",
                "▁the",
                "▁meeting",
                "."
            ],
            "score": -16.719249725341797
        },
        {
            "hypothesis": [
                "▁i",
                "▁should",
                "▁also",
                "▁like",
                "▁clarification",
                "▁on",
                "▁the",
                "▁number",
                "▁of",
                "▁cases",
                "▁on",
                "▁the",
                "▁meeting",
                "▁of",
                "▁the",
                "▁meeting",
                "."
            ],
            "score": -17.22789764404297
        },
        {
            "hypothesis": [
                "▁i",
                "▁should",
                "▁also",
                "▁like",
                "▁to",
                "▁clarify",
                "▁a",
                "▁number",
                "▁of",
                "▁cases",
                "▁on",
                "▁the",
                "▁meeting",
                "▁of",
                "▁the",
                "▁meeting",
                "."
            ],
            "score": -17.467771530151367
        },
        {
            "hypothesis": [
                "▁i",
                "▁should",
                "▁also",
                "▁like",
                "▁to",
                "▁clarify",
                "▁a",
                "▁number",
                "▁of",
                "▁cases",
                "▁in",
                "▁the",
                "▁meeting",
                "▁by",
                "▁the",
                "▁meeting",
                "."
            ],
            "score": -17.50409507751465
        },
        {
            "hypothesis": [
                "▁i",
                "▁should",
                "▁also",
                "▁like",
                "▁to",
                "▁clarify",
                "▁a",
                "▁number",
                "▁of",
                "▁cases",
                "▁in",
                "▁the",
                "▁meeting",
                "▁at",
                "▁the",
                "▁meeting",
                "."
            ],
            "score": -17.51035499572754
        }
    ],
    "diagnostic_info": "eyJ0IjogIjIwMjQtMDQtMjRUMDM6Mjc6MzQuNzk4MTA3IiwgImgiOiAibnZpZGlhLWdwdS1vcHRpbWl6ZWQtdm1pLTEtdm0iLCAidSI6ICJ2c2thcmljaCJ9"
}