{
    "example_source": [
        "▁我还",
        "澄清",
        "了",
        "在该",
        "会议上",
        "提出的",
        "若干",
        "事项",
        "。"
    ],
    "example_target": [
        "<s>",
        "▁i",
        "▁was",
        "▁able",
        "▁to",
        "▁provide",
        "▁clarification",
        "▁on",
        "▁some",
        "▁of",
        "▁the",
        "▁matters",
        "▁which",
        "▁were",
        "▁raised",
        "▁at",
        "▁that",
        "▁meeting",
        ".",
        "</s>"
    ],
    "hypotheses": [
        {
            "hypothesis": [
                "▁i",
                "▁would",
                "▁also",
                "▁like",
                "▁to",
                "▁clarify",
                "▁a",
                "▁number",
                "▁of",
                "▁issues",
                "▁in",
                "▁the",
                "▁meeting",
                "."
            ],
            "score": -15.37354564666748
        },
        {
            "hypothesis": [
                "▁i",
                "▁also",
                "▁point",
                "ed",
                "▁out",
                "▁that",
                "▁there",
                "▁were",
                "▁a",
                "▁number",
                "▁of",
                "▁issues",
                "▁in",
                "▁this",
                "▁meeting",
                "."
            ],
            "score": -16.530155181884766
        },
        {
            "hypothesis": [
                "▁i",
                "▁also",
                "▁point",
                "ed",
                "▁out",
                "▁that",
                "▁there",
                "▁were",
                "▁a",
                "▁number",
                "▁of",
                "▁issues",
                "▁in",
                "▁the",
                "▁meeting",
                "."
            ],
            "score": -16.807252883911133
        },
        {
            "hypothesis": [
                "▁i",
                "▁also",
                "▁point",
                "ed",
                "▁out",
                "▁that",
                "▁there",
                "▁were",
                "▁a",
                "▁number",
                "▁of",
                "▁issues",
                "▁in",
                "▁the",
                "▁conference",
                "."
            ],
            "score": -17.14858055114746
        },
        {
            "hypothesis": [
                "▁i",
                "▁also",
                "▁point",
                "ed",
                "▁out",
                "▁that",
                "▁there",
                "▁were",
                "▁a",
                "▁number",
                "▁of",
                "▁cases",
                "▁at",
                "▁the",
                "▁meeting",
                "."
            ],
            "score": -17.3123836517334
        },
        {
            "hypothesis": [
                "▁i",
                "▁also",
                "▁point",
                "ed",
                "▁out",
                "▁that",
                "▁there",
                "▁were",
                "▁a",
                "▁number",
                "▁of",
                "▁cases",
                "▁in",
                "▁the",
                "▁meeting",
                "."
            ],
            "score": -17.50218391418457
        },
        {
            "hypothesis": [
                "▁i",
                "▁would",
                "▁also",
                "▁like",
                "▁to",
                "▁clarify",
                "▁a",
                "▁number",
                "▁of",
                "▁issues",
                "▁in",
                "▁the",
                "▁meeting",
                "▁of",
                "▁the",
                "▁meeting",
                "."
            ],
            "score": -17.79189682006836
        },
        {
            "hypothesis": [
                "▁i",
                "▁also",
                "▁point",
                "ed",
                "▁out",
                "▁that",
                "▁there",
                "▁were",
                "▁a",
                "▁number",
                "▁of",
                "▁issues",
                "▁relating",
                "▁to",
                "▁the",
                "▁meeting",
                "."
            ],
            "score": -18.396421432495117
        },
        {
            "hypothesis": [
                "▁i",
                "▁also",
                "▁point",
                "ed",
                "▁out",
                "▁that",
                "▁there",
                "▁were",
                "▁a",
                "▁number",
                "▁of",
                "▁cases",
                "▁at",
                "▁the",
                "▁meeting",
                "▁of",
                "▁the",
                "▁meeting",
                "."
            ],
            "score": -19.168319702148438
        },
        {
            "hypothesis": [
                "▁i",
                "▁also",
                "▁point",
                "ed",
                "▁out",
                "▁that",
                "▁there",
                "▁were",
                "▁a",
                "▁number",
                "▁of",
                "▁issues",
                "▁in",
                "▁the",
                "▁meeting",
                "▁of",
                "▁the",
                "▁meeting",
                "."
            ],
            "score": -19.36772918701172
        }
    ],
    "diagnostic_info": "eyJ0IjogIjIwMjQtMDQtMjRUMDM6Mjg6MTEuNDU4ODc3IiwgImgiOiAibnZpZGlhLWdwdS1vcHRpbWl6ZWQtdm1pLTEtdm0iLCAidSI6ICJ2c2thcmljaCJ9"
}