{
    "example_source": [
        "▁我还",
        "澄清",
        "了",
        "在该",
        "会议上",
        "提出的",
        "若干",
        "事项",
        "。"
    ],
    "example_target": [
        "<s>",
        "▁i",
        "▁was",
        "▁able",
        "▁to",
        "▁provide",
        "▁clarification",
        "▁on",
        "▁some",
        "▁of",
        "▁the",
        "▁matters",
        "▁which",
        "▁were",
        "▁raised",
        "▁at",
        "▁that",
        "▁meeting",
        ".",
        "</s>"
    ],
    "hypotheses": [
        {
            "hypothesis": [
                "▁i",
                "▁also",
                "▁give",
                "▁a",
                "▁number",
                "▁of",
                "▁issues",
                "▁in",
                "▁this",
                "▁meeting",
                "."
            ],
            "score": -10.728333473205566
        },
        {
            "hypothesis": [
                "▁i",
                "▁also",
                "▁refer",
                "▁to",
                "▁a",
                "▁number",
                "▁of",
                "▁issues",
                "▁in",
                "▁this",
                "▁meeting",
                "."
            ],
            "score": -11.25382137298584
        },
        {
            "hypothesis": [
                "▁i",
                "▁also",
                "▁refer",
                "▁to",
                "▁a",
                "▁number",
                "▁of",
                "▁matters",
                "▁on",
                "▁this",
                "▁meeting",
                "."
            ],
            "score": -11.447080612182617
        },
        {
            "hypothesis": [
                "▁i",
                "▁also",
                "▁refer",
                "▁to",
                "▁a",
                "▁number",
                "▁of",
                "▁cases",
                "▁in",
                "▁this",
                "▁meeting",
                "."
            ],
            "score": -11.646388053894043
        },
        {
            "hypothesis": [
                "▁i",
                "▁also",
                "▁refer",
                "▁to",
                "▁a",
                "▁number",
                "▁of",
                "▁matters",
                "▁in",
                "▁this",
                "▁meeting",
                "."
            ],
            "score": -11.652382850646973
        },
        {
            "hypothesis": [
                "▁i",
                "▁also",
                "▁refer",
                "▁to",
                "▁a",
                "▁number",
                "▁of",
                "▁matters",
                "▁that",
                "▁have",
                "▁been",
                "▁raised",
                "."
            ],
            "score": -14.383111000061035
        },
        {
            "hypothesis": [
                "▁i",
                "▁also",
                "▁refer",
                "▁to",
                "▁a",
                "▁number",
                "▁of",
                "▁matters",
                "▁that",
                "▁had",
                "▁been",
                "▁made",
                "."
            ],
            "score": -14.564526557922363
        },
        {
            "hypothesis": [
                "▁i",
                "▁also",
                "▁refer",
                "▁to",
                "▁a",
                "▁number",
                "▁of",
                "▁matters",
                "▁that",
                "▁have",
                "▁been",
                "▁made",
                "."
            ],
            "score": -14.567253112792969
        },
        {
            "hypothesis": [
                "▁i",
                "▁also",
                "▁refer",
                "▁to",
                "▁a",
                "▁number",
                "▁of",
                "▁issues",
                "▁that",
                "▁have",
                "▁been",
                "▁made",
                "."
            ],
            "score": -14.575776100158691
        },
        {
            "hypothesis": [
                "▁i",
                "▁also",
                "▁refer",
                "▁to",
                "▁a",
                "▁number",
                "▁of",
                "▁issues",
                "▁that",
                "▁had",
                "▁been",
                "▁made",
                "."
            ],
            "score": -14.63034725189209
        }
    ],
    "diagnostic_info": "eyJ0IjogIjIwMjQtMDQtMjRUMDM6MzE6NTAuODQ2ODE4IiwgImgiOiAibnZpZGlhLWdwdS1vcHRpbWl6ZWQtdm1pLTEtdm0iLCAidSI6ICJ2c2thcmljaCJ9"
}