{
    "example_source": [
        "▁我还",
        "澄清",
        "了",
        "在该",
        "会议上",
        "提出的",
        "若干",
        "事项",
        "。"
    ],
    "example_target": [
        "<s>",
        "▁i",
        "▁was",
        "▁able",
        "▁to",
        "▁provide",
        "▁clarification",
        "▁on",
        "▁some",
        "▁of",
        "▁the",
        "▁matters",
        "▁which",
        "▁were",
        "▁raised",
        "▁at",
        "▁that",
        "▁meeting",
        ".",
        "</s>"
    ],
    "hypotheses": [
        {
            "hypothesis": [
                "▁i",
                "▁also",
                "▁refer",
                "▁to",
                "▁a",
                "▁number",
                "▁of",
                "▁issues",
                "▁raised",
                "▁by",
                "▁the",
                "▁meeting",
                "."
            ],
            "score": -13.521825790405273
        },
        {
            "hypothesis": [
                "▁i",
                "▁also",
                "▁suggest",
                "▁that",
                "▁there",
                "▁was",
                "▁a",
                "▁number",
                "▁of",
                "▁issues",
                "▁raised",
                "▁by",
                "▁this",
                "▁meeting",
                "."
            ],
            "score": -15.115180015563965
        },
        {
            "hypothesis": [
                "▁i",
                "▁also",
                "▁suggest",
                "▁that",
                "▁there",
                "▁was",
                "▁a",
                "▁number",
                "▁of",
                "▁issues",
                "▁raised",
                "▁by",
                "▁the",
                "▁meeting",
                "."
            ],
            "score": -15.292431831359863
        },
        {
            "hypothesis": [
                "▁i",
                "▁also",
                "▁suggest",
                "▁that",
                "▁there",
                "▁was",
                "▁a",
                "▁number",
                "▁of",
                "▁issues",
                "▁raised",
                "▁by",
                "▁the",
                "▁conference",
                "."
            ],
            "score": -15.569635391235352
        },
        {
            "hypothesis": [
                "▁i",
                "▁also",
                "▁suggest",
                "▁that",
                "▁there",
                "▁was",
                "▁a",
                "▁number",
                "▁of",
                "▁issues",
                "▁that",
                "▁have",
                "▁been",
                "▁made",
                "."
            ],
            "score": -16.402868270874023
        },
        {
            "hypothesis": [
                "▁i",
                "▁also",
                "▁refer",
                "▁to",
                "▁a",
                "▁number",
                "▁of",
                "▁issues",
                "▁that",
                "▁have",
                "▁been",
                "▁made",
                "▁by",
                "▁the",
                "▁meeting",
                "."
            ],
            "score": -16.714603424072266
        },
        {
            "hypothesis": [
                "▁i",
                "▁also",
                "▁refer",
                "▁to",
                "▁a",
                "▁number",
                "▁of",
                "▁issues",
                "▁that",
                "▁have",
                "▁been",
                "▁made",
                "▁by",
                "▁the",
                "▁conference",
                "."
            ],
            "score": -17.10849380493164
        },
        {
            "hypothesis": [
                "▁i",
                "▁also",
                "▁suggest",
                "▁that",
                "▁there",
                "▁was",
                "▁a",
                "▁number",
                "▁of",
                "▁issues",
                "▁that",
                "▁have",
                "▁been",
                "▁made",
                "▁in",
                "▁this",
                "▁meeting",
                "."
            ],
            "score": -18.460315704345703
        },
        {
            "hypothesis": [
                "▁i",
                "▁also",
                "▁suggest",
                "▁that",
                "▁there",
                "▁was",
                "▁a",
                "▁number",
                "▁of",
                "▁issues",
                "▁that",
                "▁have",
                "▁been",
                "▁made",
                "▁by",
                "▁the",
                "▁meeting",
                "."
            ],
            "score": -18.771440505981445
        },
        {
            "hypothesis": [
                "▁i",
                "▁also",
                "▁suggest",
                "▁that",
                "▁there",
                "▁was",
                "▁a",
                "▁number",
                "▁of",
                "▁issues",
                "▁that",
                "▁have",
                "▁been",
                "▁made",
                "▁by",
                "▁the",
                "▁conference",
                "."
            ],
            "score": -19.0444278717041
        }
    ],
    "diagnostic_info": "eyJ0IjogIjIwMjQtMDQtMjRUMDM6MzM6NDAuMzYzNzcyIiwgImgiOiAibnZpZGlhLWdwdS1vcHRpbWl6ZWQtdm1pLTEtdm0iLCAidSI6ICJ2c2thcmljaCJ9"
}