{
    "example_source": [
        "▁我还",
        "澄清",
        "了",
        "在该",
        "会议上",
        "提出的",
        "若干",
        "事项",
        "。"
    ],
    "example_target": [
        "<s>",
        "▁i",
        "▁was",
        "▁able",
        "▁to",
        "▁provide",
        "▁clarification",
        "▁on",
        "▁some",
        "▁of",
        "▁the",
        "▁matters",
        "▁which",
        "▁were",
        "▁raised",
        "▁at",
        "▁that",
        "▁meeting",
        ".",
        "</s>"
    ],
    "hypotheses": [
        {
            "hypothesis": [
                "▁i",
                "▁also",
                "▁also",
                "▁refer",
                "▁to",
                "▁a",
                "▁number",
                "▁of",
                "▁matters",
                "▁raised",
                "▁by",
                "▁this",
                "▁meeting",
                "."
            ],
            "score": -11.262171745300293
        },
        {
            "hypothesis": [
                "▁i",
                "▁also",
                "▁also",
                "▁point",
                "ed",
                "▁out",
                "▁a",
                "▁number",
                "▁of",
                "▁matters",
                "▁raised",
                "▁by",
                "▁this",
                "▁meeting",
                "."
            ],
            "score": -11.528709411621094
        },
        {
            "hypothesis": [
                "▁i",
                "▁also",
                "▁also",
                "▁refer",
                "▁to",
                "▁a",
                "▁number",
                "▁of",
                "▁matters",
                "▁raised",
                "▁by",
                "▁the",
                "▁conference",
                "."
            ],
            "score": -11.83458423614502
        },
        {
            "hypothesis": [
                "▁i",
                "▁also",
                "▁also",
                "▁point",
                "ed",
                "▁out",
                "▁a",
                "▁number",
                "▁of",
                "▁matters",
                "▁raised",
                "▁by",
                "▁this",
                "▁conference",
                "."
            ],
            "score": -12.062042236328125
        },
        {
            "hypothesis": [
                "▁i",
                "▁also",
                "▁also",
                "▁point",
                "ed",
                "▁out",
                "▁a",
                "▁number",
                "▁of",
                "▁issues",
                "▁raised",
                "▁by",
                "▁this",
                "▁meeting",
                "."
            ],
            "score": -12.21623706817627
        },
        {
            "hypothesis": [
                "▁i",
                "▁also",
                "▁also",
                "▁point",
                "ed",
                "▁out",
                "▁a",
                "▁number",
                "▁of",
                "▁matters",
                "▁raised",
                "▁by",
                "▁the",
                "▁conference",
                "."
            ],
            "score": -12.277426719665527
        },
        {
            "hypothesis": [
                "▁i",
                "▁also",
                "▁also",
                "▁point",
                "ed",
                "▁out",
                "▁a",
                "▁number",
                "▁of",
                "▁matters",
                "▁raised",
                "▁by",
                "▁the",
                "▁panel",
                "."
            ],
            "score": -12.760689735412598
        },
        {
            "hypothesis": [
                "▁i",
                "▁also",
                "▁also",
                "▁point",
                "ed",
                "▁out",
                "▁a",
                "▁number",
                "▁of",
                "▁issues",
                "▁raised",
                "▁by",
                "▁the",
                "▁conference",
                "."
            ],
            "score": -12.902850151062012
        },
        {
            "hypothesis": [
                "▁i",
                "▁also",
                "▁also",
                "▁point",
                "ed",
                "▁out",
                "▁a",
                "▁number",
                "▁of",
                "▁matters",
                "▁raised",
                "▁by",
                "▁the",
                "▁conference",
                "▁on",
                "▁a",
                "▁number",
                "▁of",
                "▁issues",
                "▁raised",
                "▁by",
                "▁the",
                "▁conference",
                "."
            ],
            "score": -19.49260711669922
        },
        {
            "hypothesis": [
                "▁i",
                "▁also",
                "▁also",
                "▁point",
                "ed",
                "▁out",
                "▁a",
                "▁number",
                "▁of",
                "▁matters",
                "▁raised",
                "▁by",
                "▁the",
                "▁conference",
                "▁on",
                "▁a",
                "▁number",
                "▁of",
                "▁matters",
                "▁raised",
                "▁by",
                "▁the",
                "▁conference",
                "."
            ],
            "score": -19.52435302734375
        }
    ],
    "diagnostic_info": "eyJ0IjogIjIwMjQtMDQtMjRUMDM6Mzk6NDUuOTgzMTQ4IiwgImgiOiAibnZpZGlhLWdwdS1vcHRpbWl6ZWQtdm1pLTEtdm0iLCAidSI6ICJ2c2thcmljaCJ9"
}