{
    "example_source": [
        "▁我还",
        "澄清",
        "了",
        "在该",
        "会议上",
        "提出的",
        "若干",
        "事项",
        "。"
    ],
    "example_target": [
        "<s>",
        "▁i",
        "▁was",
        "▁able",
        "▁to",
        "▁provide",
        "▁clarification",
        "▁on",
        "▁some",
        "▁of",
        "▁the",
        "▁matters",
        "▁which",
        "▁were",
        "▁raised",
        "▁at",
        "▁that",
        "▁meeting",
        ".",
        "</s>"
    ],
    "hypotheses": [
        {
            "hypothesis": [
                "▁i",
                "▁also",
                "▁refer",
                "▁to",
                "▁the",
                "▁number",
                "▁of",
                "▁matters",
                "▁raised",
                "▁by",
                "▁the",
                "▁conference",
                "."
            ],
            "score": -9.663741111755371
        },
        {
            "hypothesis": [
                "▁i",
                "▁also",
                "▁refer",
                "▁to",
                "▁a",
                "▁number",
                "▁of",
                "▁matters",
                "▁raised",
                "▁by",
                "▁the",
                "▁conference",
                "."
            ],
            "score": -9.980210304260254
        },
        {
            "hypothesis": [
                "▁i",
                "▁also",
                "▁refer",
                "▁to",
                "▁the",
                "▁number",
                "▁of",
                "▁matters",
                "▁raised",
                "▁by",
                "▁the",
                "▁meeting",
                "."
            ],
            "score": -10.903948783874512
        },
        {
            "hypothesis": [
                "▁i",
                "▁also",
                "▁point",
                "ed",
                "▁out",
                "▁a",
                "▁number",
                "▁of",
                "▁matters",
                "▁raised",
                "▁by",
                "▁the",
                "▁conference",
                "."
            ],
            "score": -10.937793731689453
        },
        {
            "hypothesis": [
                "▁i",
                "▁also",
                "▁point",
                "ed",
                "▁to",
                "▁the",
                "▁number",
                "▁of",
                "▁matters",
                "▁raised",
                "▁by",
                "▁the",
                "▁conference",
                "."
            ],
            "score": -11.436147689819336
        },
        {
            "hypothesis": [
                "▁i",
                "▁also",
                "▁point",
                "ed",
                "▁out",
                "▁the",
                "▁number",
                "▁of",
                "▁matters",
                "▁raised",
                "▁by",
                "▁the",
                "▁conference",
                "."
            ],
            "score": -11.542503356933594
        },
        {
            "hypothesis": [
                "▁i",
                "▁also",
                "▁point",
                "ed",
                "▁out",
                "▁that",
                "▁a",
                "▁number",
                "▁of",
                "▁matters",
                "▁raised",
                "▁by",
                "▁the",
                "▁conference",
                "▁was",
                "▁also",
                "▁clarified",
                "."
            ],
            "score": -14.24410343170166
        },
        {
            "hypothesis": [
                "▁i",
                "▁also",
                "▁point",
                "ed",
                "▁out",
                "▁that",
                "▁a",
                "▁number",
                "▁of",
                "▁matters",
                "▁raised",
                "▁by",
                "▁the",
                "▁conference",
                "▁is",
                "▁also",
                "▁clarified",
                "."
            ],
            "score": -14.673943519592285
        },
        {
            "hypothesis": [
                "▁i",
                "▁also",
                "▁point",
                "ed",
                "▁out",
                "▁that",
                "▁a",
                "▁number",
                "▁of",
                "▁matters",
                "▁raised",
                "▁by",
                "▁the",
                "▁conference",
                "▁was",
                "▁also",
                "▁also",
                "▁clarified",
                "."
            ],
            "score": -16.226804733276367
        },
        {
            "hypothesis": [
                "▁i",
                "▁also",
                "▁point",
                "ed",
                "▁out",
                "▁that",
                "▁a",
                "▁number",
                "▁of",
                "▁matters",
                "▁raised",
                "▁by",
                "▁the",
                "▁conference",
                "▁is",
                "▁also",
                "▁also",
                "▁clarified",
                "."
            ],
            "score": -16.51803970336914
        }
    ],
    "diagnostic_info": "eyJ0IjogIjIwMjQtMDQtMjRUMDM6NDA6MjIuNDU2OTU3IiwgImgiOiAibnZpZGlhLWdwdS1vcHRpbWl6ZWQtdm1pLTEtdm0iLCAidSI6ICJ2c2thcmljaCJ9"
}