{
    "example_source": [
        "▁我还",
        "澄清",
        "了",
        "在该",
        "会议上",
        "提出的",
        "若干",
        "事项",
        "。"
    ],
    "example_target": [
        "<s>",
        "▁i",
        "▁was",
        "▁able",
        "▁to",
        "▁provide",
        "▁clarification",
        "▁on",
        "▁some",
        "▁of",
        "▁the",
        "▁matters",
        "▁which",
        "▁were",
        "▁raised",
        "▁at",
        "▁that",
        "▁meeting",
        ".",
        "</s>"
    ],
    "hypotheses": [
        {
            "hypothesis": [
                "▁i",
                "▁also",
                "▁refer",
                "▁to",
                "▁a",
                "▁number",
                "▁of",
                "▁issues",
                "▁put",
                "▁forward",
                "▁by",
                "▁the",
                "▁conference",
                "."
            ],
            "score": -8.365880966186523
        },
        {
            "hypothesis": [
                "▁i",
                "▁also",
                "▁refer",
                "▁to",
                "▁a",
                "▁number",
                "▁of",
                "▁issues",
                "▁put",
                "▁forward",
                "▁at",
                "▁the",
                "▁meeting",
                "."
            ],
            "score": -8.794153213500977
        },
        {
            "hypothesis": [
                "▁i",
                "▁also",
                "▁refer",
                "▁to",
                "▁a",
                "▁number",
                "▁of",
                "▁issues",
                "▁raised",
                "▁by",
                "▁the",
                "▁conference",
                "."
            ],
            "score": -8.838724136352539
        },
        {
            "hypothesis": [
                "▁i",
                "▁also",
                "▁refer",
                "▁to",
                "▁a",
                "▁number",
                "▁of",
                "▁issues",
                "▁put",
                "▁forward",
                "▁by",
                "▁the",
                "▁meeting",
                "."
            ],
            "score": -8.921674728393555
        },
        {
            "hypothesis": [
                "▁i",
                "▁also",
                "▁refer",
                "▁to",
                "▁a",
                "▁number",
                "▁of",
                "▁issues",
                "▁put",
                "▁forward",
                "▁at",
                "▁the",
                "▁conference",
                "."
            ],
            "score": -9.195687294006348
        },
        {
            "hypothesis": [
                "▁i",
                "▁also",
                "▁refer",
                "▁to",
                "▁a",
                "▁number",
                "▁of",
                "▁issues",
                "▁put",
                "▁forward",
                "▁at",
                "▁the",
                "▁session",
                "."
            ],
            "score": -9.577831268310547
        },
        {
            "hypothesis": [
                "▁i",
                "▁also",
                "▁refer",
                "▁to",
                "▁a",
                "▁number",
                "▁of",
                "▁issues",
                "▁that",
                "▁have",
                "▁been",
                "▁made",
                "▁at",
                "▁the",
                "▁meeting",
                "."
            ],
            "score": -10.73291301727295
        },
        {
            "hypothesis": [
                "▁i",
                "▁also",
                "▁refer",
                "▁to",
                "▁a",
                "▁number",
                "▁of",
                "▁issues",
                "▁that",
                "▁have",
                "▁been",
                "▁put",
                "▁forward",
                "▁at",
                "▁the",
                "▁meeting",
                "."
            ],
            "score": -11.00736141204834
        },
        {
            "hypothesis": [
                "▁i",
                "▁would",
                "▁also",
                "▁like",
                "▁to",
                "▁refer",
                "▁to",
                "▁a",
                "▁number",
                "▁of",
                "▁issues",
                "▁put",
                "▁forward",
                "▁by",
                "▁the",
                "▁conference",
                "."
            ],
            "score": -11.06222915649414
        },
        {
            "hypothesis": [
                "▁i",
                "▁also",
                "▁refer",
                "▁to",
                "▁a",
                "▁number",
                "▁of",
                "▁issues",
                "▁that",
                "▁have",
                "▁been",
                "▁put",
                "▁forward",
                "▁at",
                "▁the",
                "▁conference",
                "."
            ],
            "score": -11.422562599182129
        }
    ],
    "diagnostic_info": "eyJ0IjogIjIwMjQtMDQtMjRUMDM6NTI6MzguOTcwNTQzIiwgImgiOiAibnZpZGlhLWdwdS1vcHRpbWl6ZWQtdm1pLTEtdm0iLCAidSI6ICJ2c2thcmljaCJ9"
}