{
    "example_source": [
        "▁我还",
        "澄清",
        "了",
        "在该",
        "会议上",
        "提出的",
        "若干",
        "事项",
        "。"
    ],
    "example_target": [
        "<s>",
        "▁i",
        "▁was",
        "▁able",
        "▁to",
        "▁provide",
        "▁clarification",
        "▁on",
        "▁some",
        "▁of",
        "▁the",
        "▁matters",
        "▁which",
        "▁were",
        "▁raised",
        "▁at",
        "▁that",
        "▁meeting",
        ".",
        "</s>"
    ],
    "hypotheses": [
        {
            "hypothesis": [
                "▁i",
                "▁also",
                "▁have",
                "▁to",
                "▁clarify",
                "▁a",
                "▁number",
                "▁of",
                "▁issues",
                "▁put",
                "▁forward",
                "▁by",
                "▁the",
                "▁conference",
                "."
            ],
            "score": -9.227453231811523
        },
        {
            "hypothesis": [
                "▁i",
                "▁also",
                "▁like",
                "▁to",
                "▁clarify",
                "▁a",
                "▁number",
                "▁of",
                "▁issues",
                "▁put",
                "▁forward",
                "▁by",
                "▁the",
                "▁conference",
                "."
            ],
            "score": -9.368088722229004
        },
        {
            "hypothesis": [
                "▁i",
                "▁also",
                "▁have",
                "▁to",
                "▁clarify",
                "▁a",
                "▁number",
                "▁of",
                "▁issues",
                "▁put",
                "▁forward",
                "▁at",
                "▁this",
                "▁meeting",
                "."
            ],
            "score": -9.565313339233398
        },
        {
            "hypothesis": [
                "▁i",
                "▁also",
                "▁have",
                "▁to",
                "▁clarify",
                "▁a",
                "▁number",
                "▁of",
                "▁issues",
                "▁put",
                "▁forward",
                "▁at",
                "▁this",
                "▁conference",
                "."
            ],
            "score": -9.652077674865723
        },
        {
            "hypothesis": [
                "▁i",
                "▁also",
                "▁like",
                "▁to",
                "▁clarify",
                "▁a",
                "▁number",
                "▁of",
                "▁issues",
                "▁put",
                "▁forward",
                "▁at",
                "▁this",
                "▁meeting",
                "."
            ],
            "score": -9.733491897583008
        },
        {
            "hypothesis": [
                "▁i",
                "▁also",
                "▁like",
                "▁to",
                "▁clarify",
                "▁a",
                "▁number",
                "▁of",
                "▁issues",
                "▁put",
                "▁forward",
                "▁at",
                "▁this",
                "▁conference",
                "."
            ],
            "score": -9.813360214233398
        },
        {
            "hypothesis": [
                "▁i",
                "▁also",
                "▁have",
                "▁to",
                "▁clarify",
                "▁a",
                "▁number",
                "▁of",
                "▁issues",
                "▁put",
                "▁forward",
                "▁at",
                "▁that",
                "▁meeting",
                "."
            ],
            "score": -9.851957321166992
        },
        {
            "hypothesis": [
                "▁i",
                "▁would",
                "▁also",
                "▁like",
                "▁to",
                "▁clarify",
                "▁a",
                "▁number",
                "▁of",
                "▁issues",
                "▁put",
                "▁forward",
                "▁at",
                "▁this",
                "▁meeting",
                "."
            ],
            "score": -10.521014213562012
        },
        {
            "hypothesis": [
                "▁i",
                "▁would",
                "▁also",
                "▁like",
                "▁to",
                "▁clarify",
                "▁a",
                "▁number",
                "▁of",
                "▁issues",
                "▁put",
                "▁forward",
                "▁at",
                "▁this",
                "▁conference",
                "."
            ],
            "score": -10.596137046813965
        },
        {
            "hypothesis": [
                "▁i",
                "▁also",
                "▁have",
                "▁to",
                "▁clarify",
                "▁a",
                "▁number",
                "▁of",
                "▁issues",
                "▁which",
                "▁had",
                "▁been",
                "▁put",
                "▁forward",
                "▁at",
                "▁this",
                "▁meeting",
                "."
            ],
            "score": -11.772839546203613
        }
    ],
    "diagnostic_info": "eyJ0IjogIjIwMjQtMDQtMjRUMDM6NTM6NTIuMzgyNzk3IiwgImgiOiAibnZpZGlhLWdwdS1vcHRpbWl6ZWQtdm1pLTEtdm0iLCAidSI6ICJ2c2thcmljaCJ9"
}