{
    "example_source": [
        "▁我还",
        "澄清",
        "了",
        "在该",
        "会议上",
        "提出的",
        "若干",
        "事项",
        "。"
    ],
    "example_target": [
        "<s>",
        "▁i",
        "▁was",
        "▁able",
        "▁to",
        "▁provide",
        "▁clarification",
        "▁on",
        "▁some",
        "▁of",
        "▁the",
        "▁matters",
        "▁which",
        "▁were",
        "▁raised",
        "▁at",
        "▁that",
        "▁meeting",
        ".",
        "</s>"
    ],
    "hypotheses": [
        {
            "hypothesis": [
                "▁i",
                "▁have",
                "▁also",
                "▁clarified",
                "▁a",
                "▁number",
                "▁of",
                "▁matters",
                "▁put",
                "▁forward",
                "▁by",
                "▁the",
                "▁conference",
                "."
            ],
            "score": -7.71155309677124
        },
        {
            "hypothesis": [
                "▁i",
                "▁have",
                "▁also",
                "▁clarified",
                "▁a",
                "▁number",
                "▁of",
                "▁matters",
                "▁made",
                "▁at",
                "▁the",
                "▁conference",
                "."
            ],
            "score": -7.802122592926025
        },
        {
            "hypothesis": [
                "▁i",
                "▁have",
                "▁also",
                "▁clarified",
                "▁a",
                "▁number",
                "▁of",
                "▁matters",
                "▁raised",
                "▁at",
                "▁the",
                "▁conference",
                "."
            ],
            "score": -7.827569484710693
        },
        {
            "hypothesis": [
                "▁i",
                "▁have",
                "▁also",
                "▁clarified",
                "▁a",
                "▁number",
                "▁of",
                "▁matters",
                "▁raised",
                "▁by",
                "▁the",
                "▁conference",
                "."
            ],
            "score": -8.096309661865234
        },
        {
            "hypothesis": [
                "▁i",
                "▁have",
                "▁also",
                "▁clarified",
                "▁a",
                "▁number",
                "▁of",
                "▁matters",
                "▁put",
                "▁forward",
                "▁at",
                "▁the",
                "▁conference",
                "."
            ],
            "score": -8.620119094848633
        },
        {
            "hypothesis": [
                "▁i",
                "▁have",
                "▁also",
                "▁clarified",
                "▁a",
                "▁number",
                "▁of",
                "▁matters",
                "▁made",
                "▁at",
                "▁the",
                "▁meeting",
                "."
            ],
            "score": -8.731729507446289
        },
        {
            "hypothesis": [
                "▁i",
                "▁have",
                "▁also",
                "▁clarified",
                "▁a",
                "▁number",
                "▁of",
                "▁matters",
                "▁that",
                "▁had",
                "▁been",
                "▁made",
                "▁at",
                "▁the",
                "▁conference",
                "."
            ],
            "score": -8.925862312316895
        },
        {
            "hypothesis": [
                "▁i",
                "▁have",
                "▁also",
                "▁clarified",
                "▁a",
                "▁number",
                "▁of",
                "▁issues",
                "▁that",
                "▁had",
                "▁been",
                "▁made",
                "▁at",
                "▁the",
                "▁conference",
                "."
            ],
            "score": -9.211289405822754
        },
        {
            "hypothesis": [
                "▁i",
                "▁have",
                "▁also",
                "▁clarified",
                "▁a",
                "▁number",
                "▁of",
                "▁matters",
                "▁that",
                "▁have",
                "▁been",
                "▁made",
                "▁at",
                "▁the",
                "▁conference",
                "."
            ],
            "score": -9.267083168029785
        },
        {
            "hypothesis": [
                "▁i",
                "▁have",
                "▁also",
                "▁clarified",
                "▁a",
                "▁number",
                "▁of",
                "▁issues",
                "▁that",
                "▁have",
                "▁been",
                "▁made",
                "▁at",
                "▁the",
                "▁conference",
                "."
            ],
            "score": -9.270576477050781
        }
    ],
    "diagnostic_info": "eyJ0IjogIjIwMjQtMDQtMjRUMDQ6MDk6MDIuODkyOTkzIiwgImgiOiAibnZpZGlhLWdwdS1vcHRpbWl6ZWQtdm1pLTEtdm0iLCAidSI6ICJ2c2thcmljaCJ9"
}