{
    "example_source": [
        "▁我还",
        "澄清",
        "了",
        "在该",
        "会议上",
        "提出的",
        "若干",
        "事项",
        "。"
    ],
    "example_target": [
        "<s>",
        "▁i",
        "▁was",
        "▁able",
        "▁to",
        "▁provide",
        "▁clarification",
        "▁on",
        "▁some",
        "▁of",
        "▁the",
        "▁matters",
        "▁which",
        "▁were",
        "▁raised",
        "▁at",
        "▁that",
        "▁meeting",
        ".",
        "</s>"
    ],
    "hypotheses": [
        {
            "hypothesis": [
                "▁i",
                "▁have",
                "▁also",
                "▁clarified",
                "▁a",
                "▁number",
                "▁of",
                "▁matters",
                "▁put",
                "▁forward",
                "▁by",
                "▁the",
                "▁conference",
                "."
            ],
            "score": -7.123879909515381
        },
        {
            "hypothesis": [
                "▁i",
                "▁have",
                "▁also",
                "▁clarified",
                "▁a",
                "▁number",
                "▁of",
                "▁matters",
                "▁raised",
                "▁by",
                "▁the",
                "▁conference",
                "."
            ],
            "score": -7.600827693939209
        },
        {
            "hypothesis": [
                "▁i",
                "▁have",
                "▁also",
                "▁clarified",
                "▁a",
                "▁number",
                "▁of",
                "▁matters",
                "▁put",
                "▁forward",
                "▁at",
                "▁the",
                "▁conference",
                "."
            ],
            "score": -8.206809043884277
        },
        {
            "hypothesis": [
                "▁i",
                "▁have",
                "▁also",
                "▁clarified",
                "▁a",
                "▁number",
                "▁of",
                "▁matters",
                "▁put",
                "▁forward",
                "▁by",
                "▁the",
                "▁meeting",
                "."
            ],
            "score": -8.63529109954834
        },
        {
            "hypothesis": [
                "▁i",
                "▁have",
                "▁also",
                "▁clarified",
                "▁a",
                "▁number",
                "▁of",
                "▁matters",
                "▁that",
                "▁had",
                "▁been",
                "▁made",
                "▁at",
                "▁the",
                "▁conference",
                "."
            ],
            "score": -8.859539031982422
        },
        {
            "hypothesis": [
                "▁i",
                "▁have",
                "▁also",
                "▁clarified",
                "▁a",
                "▁number",
                "▁of",
                "▁issues",
                "▁that",
                "▁had",
                "▁been",
                "▁made",
                "▁at",
                "▁the",
                "▁conference",
                "."
            ],
            "score": -8.903934478759766
        },
        {
            "hypothesis": [
                "▁i",
                "▁have",
                "▁also",
                "▁clarified",
                "▁a",
                "▁number",
                "▁of",
                "▁issues",
                "▁that",
                "▁have",
                "▁been",
                "▁made",
                "▁at",
                "▁the",
                "▁conference",
                "."
            ],
            "score": -9.165738105773926
        },
        {
            "hypothesis": [
                "▁i",
                "▁have",
                "▁also",
                "▁clarified",
                "▁a",
                "▁number",
                "▁of",
                "▁matters",
                "▁that",
                "▁have",
                "▁been",
                "▁made",
                "▁at",
                "▁the",
                "▁conference",
                "."
            ],
            "score": -9.346609115600586
        },
        {
            "hypothesis": [
                "▁i",
                "▁have",
                "▁also",
                "▁clarified",
                "▁a",
                "▁number",
                "▁of",
                "▁matters",
                "▁that",
                "▁had",
                "▁been",
                "▁made",
                "▁at",
                "▁the",
                "▁meeting",
                "."
            ],
            "score": -9.649511337280273
        },
        {
            "hypothesis": [
                "▁i",
                "▁have",
                "▁also",
                "▁clarified",
                "▁a",
                "▁number",
                "▁of",
                "▁matters",
                "▁that",
                "▁had",
                "▁been",
                "▁put",
                "▁forward",
                "▁at",
                "▁the",
                "▁conference",
                "."
            ],
            "score": -10.033712387084961
        }
    ],
    "diagnostic_info": "eyJ0IjogIjIwMjQtMDQtMjRUMDQ6MTE6MjcuOTQzMTI4IiwgImgiOiAibnZpZGlhLWdwdS1vcHRpbWl6ZWQtdm1pLTEtdm0iLCAidSI6ICJ2c2thcmljaCJ9"
}